insert into servicio (id, nombre, tipo, precio, icon) values (1, 'Yogurt - Blueberry, 175 Gr', 'incluido', 26608.97, 'http://dummyimage.com/105x100.png/ff4444/ffffff');
insert into servicio (id, nombre, tipo, precio, icon) values (2, 'Calypso - Lemonade', 'adicional', 50296.92, 'http://dummyimage.com/188x100.png/ff4444/ffffff');
insert into servicio (id, nombre, tipo, precio, icon) values (3, 'Milk Powder', 'adicional', 52317.35, 'http://dummyimage.com/219x100.png/dddddd/000000');
insert into servicio (id, nombre, tipo, precio, icon) values (4, 'Champagne - Brights, Dry', 'incluido', 37583.16, 'http://dummyimage.com/223x100.png/cc0000/ffffff');
insert into servicio (id, nombre, tipo, precio, icon) values (5, 'Wine - Red, Harrow Estates, Cab', 'adicional', 46490.39, 'http://dummyimage.com/162x100.png/dddddd/000000');
insert into servicio (id, nombre, tipo, precio, icon) values (6, 'Coffee - Flavoured', 'incluido', 84794.28, 'http://dummyimage.com/228x100.png/dddddd/000000');
insert into servicio (id, nombre, tipo, precio, icon) values (7, 'Split Peas - Yellow, Dry', 'adicional', 28492.55, 'http://dummyimage.com/127x100.png/cc0000/ffffff');
insert into servicio (id, nombre, tipo, precio, icon) values (8, 'Artichokes - Jerusalem', 'incluido', 27137.58, 'http://dummyimage.com/167x100.png/5fa2dd/ffffff');
insert into servicio (id, nombre, tipo, precio, icon) values (9, 'Lamb - Loin Chops', 'adicional', 21583.57, 'http://dummyimage.com/161x100.png/cc0000/ffffff');
insert into servicio (id, nombre, tipo, precio, icon) values (10, 'Onions - Red', 'incluido', 73395.35, 'http://dummyimage.com/164x100.png/dddddd/000000');
insert into servicio (id, nombre, tipo, precio, icon) values (11, 'Beets - Golden', 'adicional', 56909.5, 'http://dummyimage.com/111x100.png/cc0000/ffffff');
insert into servicio (id, nombre, tipo, precio, icon) values (12, 'Soup - Campbells, Chix Gumbo', 'incluido', 96836.21, 'http://dummyimage.com/163x100.png/cc0000/ffffff');
insert into servicio (id, nombre, tipo, precio, icon) values (13, 'Bread - Rye', 'adicional', 95431.5, 'http://dummyimage.com/235x100.png/cc0000/ffffff');
insert into servicio (id, nombre, tipo, precio, icon) values (14, 'Tea Peppermint', 'adicional', 79920.01, 'http://dummyimage.com/164x100.png/ff4444/ffffff');
insert into servicio (id, nombre, tipo, precio, icon) values (15, 'Pie Filling - Cherry', 'incluido', 85831.52, 'http://dummyimage.com/111x100.png/5fa2dd/ffffff');
insert into servicio (id, nombre, tipo, precio, icon) values (16, 'Bread Cranberry Foccacia', 'incluido', 68842.25, 'http://dummyimage.com/144x100.png/cc0000/ffffff');
insert into servicio (id, nombre, tipo, precio, icon) values (17, 'Bagelers - Cinn / Brown', 'incluido', 48443.41, 'http://dummyimage.com/185x100.png/5fa2dd/ffffff');
insert into servicio (id, nombre, tipo, precio, icon) values (18, 'Campari', 'adicional', 98371.86, 'http://dummyimage.com/199x100.png/dddddd/000000');
insert into servicio (id, nombre, tipo, precio, icon) values (19, 'Otomegusa Dashi Konbu', 'adicional', 60775.65, 'http://dummyimage.com/245x100.png/cc0000/ffffff');
insert into servicio (id, nombre, tipo, precio, icon) values (20, 'Glucose', 'incluido', 97969.19, 'http://dummyimage.com/235x100.png/cc0000/ffffff');

insert into habitacion (id, ciudad, direccion, capacidad, precio_noche, descripcion, propietario_id, verificada) values (1, 'Kinatakutan', '00104 Tony Court', 1, 104108.35, 'Contracture, left ankle', 6, true);
insert into habitacion (id, ciudad, direccion, capacidad, precio_noche, descripcion, propietario_id, verificada) values (2, 'Umm Sa‘īd', '3 Pond Circle', 3, 248579.46, 'Coma scale, best motor response, abnormal, EMR', 5, true);
insert into habitacion (id, ciudad, direccion, capacidad, precio_noche, descripcion, propietario_id, verificada) values (3, 'Orlovka', '91 American Junction', 1, 322842.27, 'Lacerat flexor musc/fasc/tend l mid finger at wrs/hnd lv', 1, true);
insert into habitacion (id, ciudad, direccion, capacidad, precio_noche, descripcion, propietario_id, verificada) values (4, 'Nova Petrópolis', '83 Morning Parkway', 1, 112298.0, 'Unspecified injury of right elbow, subsequent encounter', 10, true);
insert into habitacion (id, ciudad, direccion, capacidad, precio_noche, descripcion, propietario_id, verificada) values (5, 'Novki', '9512 Elka Plaza', 4, 51201.4, 'Poisoning by coronary vasodilators, self-harm, subs', 6, true);
insert into habitacion (id, ciudad, direccion, capacidad, precio_noche, descripcion, propietario_id, verificada) values (6, 'Atimonan', '14428 Mayfield Pass', 1, 266039.42, 'Open bite of right little finger w/o damage to nail, subs', 3, true);
insert into habitacion (id, ciudad, direccion, capacidad, precio_noche, descripcion, propietario_id, verificada) values (7, 'Ganjiachang', '775 Bartillon Lane', 4, 117328.27, 'Contus/lac/hem brainstem w/o loss of consciousness, init', 8, false);
insert into habitacion (id, ciudad, direccion, capacidad, precio_noche, descripcion, propietario_id, verificada) values (8, 'Masantol', '00 Memorial Park', 2, 347790.33, 'Nondisp fx of post process of left talus, init for opn fx', 8, false);
insert into habitacion (id, ciudad, direccion, capacidad, precio_noche, descripcion, propietario_id, verificada) values (9, 'Masaran', '615 Everett Hill', 2, 132343.25, 'Oth transitory disorders of carbohydrate metab of newborn', 9, true);
insert into habitacion (id, ciudad, direccion, capacidad, precio_noche, descripcion, propietario_id, verificada) values (10, 'Xiaomian', '452 Artisan Junction', 2, 305680.29, 'Burn of unspecified degree of right foot, sequela', 9, true);
insert into habitacion (id, ciudad, direccion, capacidad, precio_noche, descripcion, propietario_id, verificada) values (11, 'Santiago de Cuba', '27867 Delaware Place', 3, 189624.21, 'Laceration w/o foreign body of unsp part of head, subs', 5, true);
insert into habitacion (id, ciudad, direccion, capacidad, precio_noche, descripcion, propietario_id, verificada) values (12, 'Massy', '2004 Valley Edge Street', 4, 379735.12, 'Corrosion of second degree of unspecified elbow', 6, true);
insert into habitacion (id, ciudad, direccion, capacidad, precio_noche, descripcion, propietario_id, verificada) values (13, 'Kudahuvadhoo', '747 Longview Crossing', 4, 94170.81, 'Maternal care for prolapse of gravid uterus, first trimester', 8, true);
insert into habitacion (id, ciudad, direccion, capacidad, precio_noche, descripcion, propietario_id, verificada) values (14, 'Pagnag', '6 Logan Hill', 1, 225139.39, 'Minor laceration of left vertebral artery, subs encntr', 5, false);
insert into habitacion (id, ciudad, direccion, capacidad, precio_noche, descripcion, propietario_id, verificada) values (15, 'Songhae', '87733 Redwing Drive', 2, 88087.15, 'Benign neoplasm of tongue', 3, false);
insert into habitacion (id, ciudad, direccion, capacidad, precio_noche, descripcion, propietario_id, verificada) values (16, 'Dietaisi', '7062 Schiller Lane', 3, 174014.72, 'Cyst of epididymis', 8, true);
insert into habitacion (id, ciudad, direccion, capacidad, precio_noche, descripcion, propietario_id, verificada) values (17, 'Naguilian', '5949 5th Junction', 1, 160069.02, 'Internal ophthalmoplegia (complete) (total), right eye', 10, true);
insert into habitacion (id, ciudad, direccion, capacidad, precio_noche, descripcion, propietario_id, verificada) values (18, 'Kesabpur', '56 Pierstorff Street', 1, 359530.61, 'Poisoning by salicylates, undetermined, sequela', 6, false);
insert into habitacion (id, ciudad, direccion, capacidad, precio_noche, descripcion, propietario_id, verificada) values (19, 'Bailan', '3 Everett Trail', 4, 375796.32, 'Unspecified open wound of trachea, subsequent encounter', 9, false);
insert into habitacion (id, ciudad, direccion, capacidad, precio_noche, descripcion, propietario_id, verificada) values (20, 'Lanpelan', '984 Fairview Trail', 1, 361342.74, 'Mech compl of surgically created arteriovenous fistula', 5, true);

insert into habitacion_servicios (habitacion_id, servicio_id) values (13, 1);
insert into habitacion_servicios (habitacion_id, servicio_id) values (1, 17);
insert into habitacion_servicios (habitacion_id, servicio_id) values (15, 8);
insert into habitacion_servicios (habitacion_id, servicio_id) values (20, 4);
insert into habitacion_servicios (habitacion_id, servicio_id) values (9, 15);
insert into habitacion_servicios (habitacion_id, servicio_id) values (6, 19);
insert into habitacion_servicios (habitacion_id, servicio_id) values (13, 6);
insert into habitacion_servicios (habitacion_id, servicio_id) values (18, 20);
insert into habitacion_servicios (habitacion_id, servicio_id) values (13, 7);
insert into habitacion_servicios (habitacion_id, servicio_id) values (12, 8);
insert into habitacion_servicios (habitacion_id, servicio_id) values (6, 7);
insert into habitacion_servicios (habitacion_id, servicio_id) values (14, 8);
insert into habitacion_servicios (habitacion_id, servicio_id) values (5, 1);
insert into habitacion_servicios (habitacion_id, servicio_id) values (17, 15);
insert into habitacion_servicios (habitacion_id, servicio_id) values (10, 6);
insert into habitacion_servicios (habitacion_id, servicio_id) values (15, 11);
insert into habitacion_servicios (habitacion_id, servicio_id) values (18, 4);
insert into habitacion_servicios (habitacion_id, servicio_id) values (7, 4);
insert into habitacion_servicios (habitacion_id, servicio_id) values (4, 7);
insert into habitacion_servicios (habitacion_id, servicio_id) values (20, 15);

insert into imagen (id, habitacion_id, url) values (1, 17, 'http://dummyimage.com/1920x1080.png/cc0000/ffffff');
insert into imagen (id, habitacion_id, url) values (2, 8, 'http://dummyimage.com/1920x1080.png/ff4444/ffffff');
insert into imagen (id, habitacion_id, url) values (3, 13, 'http://dummyimage.com/1920x1080.png/dddddd/000000');
insert into imagen (id, habitacion_id, url) values (4, 17, 'http://dummyimage.com/1920x1080.png/cc0000/ffffff');
insert into imagen (id, habitacion_id, url) values (5, 19, 'http://dummyimage.com/1920x1080.png/5fa2dd/ffffff');
insert into imagen (id, habitacion_id, url) values (6, 4, 'http://dummyimage.com/1920x1080.png/dddddd/000000');
insert into imagen (id, habitacion_id, url) values (7, 6, 'http://dummyimage.com/1920x1080.png/ff4444/ffffff');
insert into imagen (id, habitacion_id, url) values (8, 11, 'http://dummyimage.com/1920x1080.png/5fa2dd/ffffff');
insert into imagen (id, habitacion_id, url) values (9, 5, 'http://dummyimage.com/1920x1080.png/ff4444/ffffff');
insert into imagen (id, habitacion_id, url) values (10, 3, 'http://dummyimage.com/1920x1080.png/ff4444/ffffff');
insert into imagen (id, habitacion_id, url) values (11, 11, 'http://dummyimage.com/1920x1080.png/dddddd/000000');
insert into imagen (id, habitacion_id, url) values (12, 11, 'http://dummyimage.com/1920x1080.png/ff4444/ffffff');
insert into imagen (id, habitacion_id, url) values (13, 10, 'http://dummyimage.com/1920x1080.png/5fa2dd/ffffff');
insert into imagen (id, habitacion_id, url) values (14, 19, 'http://dummyimage.com/1920x1080.png/cc0000/ffffff');
insert into imagen (id, habitacion_id, url) values (15, 20, 'http://dummyimage.com/1920x1080.png/cc0000/ffffff');
insert into imagen (id, habitacion_id, url) values (16, 18, 'http://dummyimage.com/1920x1080.png/dddddd/000000');
insert into imagen (id, habitacion_id, url) values (17, 16, 'http://dummyimage.com/1920x1080.png/cc0000/ffffff');
insert into imagen (id, habitacion_id, url) values (18, 9, 'http://dummyimage.com/1920x1080.png/dddddd/000000');
insert into imagen (id, habitacion_id, url) values (19, 16, 'http://dummyimage.com/1920x1080.png/ff4444/ffffff');
insert into imagen (id, habitacion_id, url) values (20, 5, 'http://dummyimage.com/1920x1080.png/ff4444/ffffff');
insert into imagen (id, habitacion_id, url) values (21, 14, 'http://dummyimage.com/1920x1080.png/dddddd/000000');
insert into imagen (id, habitacion_id, url) values (22, 11, 'http://dummyimage.com/1920x1080.png/dddddd/000000');
insert into imagen (id, habitacion_id, url) values (23, 9, 'http://dummyimage.com/1920x1080.png/ff4444/ffffff');
insert into imagen (id, habitacion_id, url) values (24, 12, 'http://dummyimage.com/1920x1080.png/5fa2dd/ffffff');
insert into imagen (id, habitacion_id, url) values (25, 4, 'http://dummyimage.com/1920x1080.png/ff4444/ffffff');
insert into imagen (id, habitacion_id, url) values (26, 8, 'http://dummyimage.com/1920x1080.png/dddddd/000000');
insert into imagen (id, habitacion_id, url) values (27, 14, 'http://dummyimage.com/1920x1080.png/ff4444/ffffff');
insert into imagen (id, habitacion_id, url) values (28, 9, 'http://dummyimage.com/1920x1080.png/dddddd/000000');
insert into imagen (id, habitacion_id, url) values (29, 4, 'http://dummyimage.com/1920x1080.png/5fa2dd/ffffff');
insert into imagen (id, habitacion_id, url) values (30, 5, 'http://dummyimage.com/1920x1080.png/ff4444/ffffff');
insert into imagen (id, habitacion_id, url) values (31, 5, 'http://dummyimage.com/1920x1080.png/ff4444/ffffff');
insert into imagen (id, habitacion_id, url) values (32, 9, 'http://dummyimage.com/1920x1080.png/cc0000/ffffff');
insert into imagen (id, habitacion_id, url) values (33, 1, 'http://dummyimage.com/1920x1080.png/ff4444/ffffff');
insert into imagen (id, habitacion_id, url) values (34, 6, 'http://dummyimage.com/1920x1080.png/cc0000/ffffff');
insert into imagen (id, habitacion_id, url) values (35, 7, 'http://dummyimage.com/1920x1080.png/dddddd/000000');
insert into imagen (id, habitacion_id, url) values (36, 5, 'http://dummyimage.com/1920x1080.png/dddddd/000000');
insert into imagen (id, habitacion_id, url) values (37, 15, 'http://dummyimage.com/1920x1080.png/ff4444/ffffff');
insert into imagen (id, habitacion_id, url) values (38, 16, 'http://dummyimage.com/1920x1080.png/ff4444/ffffff');
insert into imagen (id, habitacion_id, url) values (39, 16, 'http://dummyimage.com/1920x1080.png/cc0000/ffffff');
insert into imagen (id, habitacion_id, url) values (40, 15, 'http://dummyimage.com/1920x1080.png/5fa2dd/ffffff');
insert into imagen (id, habitacion_id, url) values (41, 4, 'http://dummyimage.com/1920x1080.png/dddddd/000000');
insert into imagen (id, habitacion_id, url) values (42, 20, 'http://dummyimage.com/1920x1080.png/cc0000/ffffff');
insert into imagen (id, habitacion_id, url) values (43, 8, 'http://dummyimage.com/1920x1080.png/5fa2dd/ffffff');
insert into imagen (id, habitacion_id, url) values (44, 6, 'http://dummyimage.com/1920x1080.png/ff4444/ffffff');
insert into imagen (id, habitacion_id, url) values (45, 3, 'http://dummyimage.com/1920x1080.png/5fa2dd/ffffff');
insert into imagen (id, habitacion_id, url) values (46, 13, 'http://dummyimage.com/1920x1080.png/5fa2dd/ffffff');
insert into imagen (id, habitacion_id, url) values (47, 18, 'http://dummyimage.com/1920x1080.png/cc0000/ffffff');
insert into imagen (id, habitacion_id, url) values (48, 14, 'http://dummyimage.com/1920x1080.png/ff4444/ffffff');
insert into imagen (id, habitacion_id, url) values (49, 6, 'http://dummyimage.com/1920x1080.png/ff4444/ffffff');
insert into imagen (id, habitacion_id, url) values (50, 4, 'http://dummyimage.com/1920x1080.png/5fa2dd/ffffff');

