insert into servicio (id, nombre, tipo_servicio) values (1, 'Longos - Lasagna Beef', 'Limpieza');
insert into servicio (id, nombre, tipo_servicio) values (2, 'Cheese - Bakers Cream Cheese', 'Comida');
insert into servicio (id, nombre, tipo_servicio) values (3, 'Gin - Gilbeys London, Dry', 'Comida');
insert into servicio (id, nombre, tipo_servicio) values (4, 'Juice - Clam, 46 Oz', 'Concierge');
insert into servicio (id, nombre, tipo_servicio) values (5, 'Bar - Sweet And Salty Chocolate', 'Exteriores');
insert into servicio (id, nombre, tipo_servicio) values (6, 'Nantuket Peach Orange', 'Exteriores');
insert into servicio (id, nombre, tipo_servicio) values (7, 'Juice - Cranberry, 341 Ml', 'Limpieza');
insert into servicio (id, nombre, tipo_servicio) values (8, 'Cheese - Bocconcini', 'Limpieza');
insert into servicio (id, nombre, tipo_servicio) values (9, 'Asparagus - White, Fresh', 'Comida');
insert into servicio (id, nombre, tipo_servicio) values (10, 'Sun - Dried Tomatoes', 'Limpieza');
insert into servicio (id, nombre, tipo_servicio) values (11, 'Molasses - Fancy', 'Exteriores');
insert into servicio (id, nombre, tipo_servicio) values (12, 'Muffin - Blueberry Individual', 'Exteriores');
insert into servicio (id, nombre, tipo_servicio) values (13, 'Longos - Grilled Salmon With Bbq', 'Exteriores');
insert into servicio (id, nombre, tipo_servicio) values (14, 'Wine - Cave Springs Dry Riesling', 'Limpieza');
insert into servicio (id, nombre, tipo_servicio) values (15, 'Cheese - Cottage Cheese', 'Concierge');
insert into servicio (id, nombre, tipo_servicio) values (16, 'Potatoes - Pei 10 Oz', 'Limpieza');
insert into servicio (id, nombre, tipo_servicio) values (17, 'Bread - Frozen Basket Variety', 'Comida');
insert into servicio (id, nombre, tipo_servicio) values (18, 'Wine - Maipo Valle Cabernet', 'Exteriores');
insert into servicio (id, nombre, tipo_servicio) values (19, 'Seedlings - Buckwheat, Organic', 'Exteriores');
insert into servicio (id, nombre, tipo_servicio) values (20, 'Cup - Paper 10oz 92959', 'Exteriores');

insert into habitacion (id, ciudad, direccion, capacidad, precio_noche, descripcion, propietario_id, verificada) values (1, 'Kinatakutan', '00104 Tony Court', 1, 104108.35, 'Contracture, left ankle', 6, true);
insert into habitacion (id, ciudad, direccion, capacidad, precio_noche, descripcion, propietario_id, verificada) values (2, 'Umm Sa‘īd', '3 Pond Circle', 3, 248579.46, 'Coma scale, best motor response, abnormal, EMR', 5, true);
insert into habitacion (id, ciudad, direccion, capacidad, precio_noche, descripcion, propietario_id, verificada) values (3, 'Orlovka', '91 American Junction', 1, 322842.27, 'Lacerat flexor musc/fasc/tend l mid finger at wrs/hnd lv', 1, true);
insert into habitacion (id, ciudad, direccion, capacidad, precio_noche, descripcion, propietario_id, verificada) values (4, 'Nova Petrópolis', '83 Morning Parkway', 1, 112298.0, 'Unspecified injury of right elbow, subsequent encounter', 10, true);
insert into habitacion (id, ciudad, direccion, capacidad, precio_noche, descripcion, propietario_id, verificada) values (5, 'Novki', '9512 Elka Plaza', 4, 51201.4, 'Poisoning by coronary vasodilators, self-harm, subs', 6, true);
insert into habitacion (id, ciudad, direccion, capacidad, precio_noche, descripcion, propietario_id, verificada) values (6, 'Atimonan', '14428 Mayfield Pass', 1, 266039.42, 'Open bite of right little finger w/o damage to nail, subs', 3, true);
insert into habitacion (id, ciudad, direccion, capacidad, precio_noche, descripcion, propietario_id, verificada) values (7, 'Ganjiachang', '775 Bartillon Lane', 4, 117328.27, 'Contus/lac/hem brainstem w/o loss of consciousness, init', 8, false);
insert into habitacion (id, ciudad, direccion, capacidad, precio_noche, descripcion, propietario_id, verificada) values (8, 'Masantol', '00 Memorial Park', 2, 347790.33, 'Nondisp fx of post process of left talus, init for opn fx', 8, false);
insert into habitacion (id, ciudad, direccion, capacidad, precio_noche, descripcion, propietario_id, verificada) values (9, 'Masaran', '615 Everett Hill', 2, 132343.25, 'Oth transitory disorders of carbohydrate metab of newborn', 9, true);
insert into habitacion (id, ciudad, direccion, capacidad, precio_noche, descripcion, propietario_id, verificada) values (10, 'Xiaomian', '452 Artisan Junction', 2, 305680.29, 'Burn of unspecified degree of right foot, sequela', 9, true);
insert into habitacion (id, ciudad, direccion, capacidad, precio_noche, descripcion, propietario_id, verificada) values (11, 'Santiago de Cuba', '27867 Delaware Place', 3, 189624.21, 'Laceration w/o foreign body of unsp part of head, subs', 5, true);
insert into habitacion (id, ciudad, direccion, capacidad, precio_noche, descripcion, propietario_id, verificada) values (12, 'Massy', '2004 Valley Edge Street', 4, 379735.12, 'Corrosion of second degree of unspecified elbow', 6, true);
insert into habitacion (id, ciudad, direccion, capacidad, precio_noche, descripcion, propietario_id, verificada) values (13, 'Kudahuvadhoo', '747 Longview Crossing', 4, 94170.81, 'Maternal care for prolapse of gravid uterus, first trimester', 8, true);
insert into habitacion (id, ciudad, direccion, capacidad, precio_noche, descripcion, propietario_id, verificada) values (14, 'Pagnag', '6 Logan Hill', 1, 225139.39, 'Minor laceration of left vertebral artery, subs encntr', 5, false);
insert into habitacion (id, ciudad, direccion, capacidad, precio_noche, descripcion, propietario_id, verificada) values (15, 'Songhae', '87733 Redwing Drive', 2, 88087.15, 'Benign neoplasm of tongue', 3, false);
insert into habitacion (id, ciudad, direccion, capacidad, precio_noche, descripcion, propietario_id, verificada) values (16, 'Dietaisi', '7062 Schiller Lane', 3, 174014.72, 'Cyst of epididymis', 8, true);
insert into habitacion (id, ciudad, direccion, capacidad, precio_noche, descripcion, propietario_id, verificada) values (17, 'Naguilian', '5949 5th Junction', 1, 160069.02, 'Internal ophthalmoplegia (complete) (total), right eye', 10, true);
insert into habitacion (id, ciudad, direccion, capacidad, precio_noche, descripcion, propietario_id, verificada) values (18, 'Kesabpur', '56 Pierstorff Street', 1, 359530.61, 'Poisoning by salicylates, undetermined, sequela', 6, false);
insert into habitacion (id, ciudad, direccion, capacidad, precio_noche, descripcion, propietario_id, verificada) values (19, 'Bailan', '3 Everett Trail', 4, 375796.32, 'Unspecified open wound of trachea, subsequent encounter', 9, false);
insert into habitacion (id, ciudad, direccion, capacidad, precio_noche, descripcion, propietario_id, verificada) values (20, 'Lanpelan', '984 Fairview Trail', 1, 361342.74, 'Mech compl of surgically created arteriovenous fistula', 5, true);

insert into habitacion_servicios (habitacion_id, servicio_id) values (13, 1);
insert into habitacion_servicios (habitacion_id, servicio_id) values (1, 17);
insert into habitacion_servicios (habitacion_id, servicio_id) values (15, 8);
insert into habitacion_servicios (habitacion_id, servicio_id) values (20, 4);
insert into habitacion_servicios (habitacion_id, servicio_id) values (9, 15);
insert into habitacion_servicios (habitacion_id, servicio_id) values (6, 19);
insert into habitacion_servicios (habitacion_id, servicio_id) values (13, 6);
insert into habitacion_servicios (habitacion_id, servicio_id) values (18, 20);
insert into habitacion_servicios (habitacion_id, servicio_id) values (13, 7);
insert into habitacion_servicios (habitacion_id, servicio_id) values (12, 8);
insert into habitacion_servicios (habitacion_id, servicio_id) values (6, 7);
insert into habitacion_servicios (habitacion_id, servicio_id) values (14, 8);
insert into habitacion_servicios (habitacion_id, servicio_id) values (5, 1);
insert into habitacion_servicios (habitacion_id, servicio_id) values (17, 15);
insert into habitacion_servicios (habitacion_id, servicio_id) values (10, 6);
insert into habitacion_servicios (habitacion_id, servicio_id) values (15, 11);
insert into habitacion_servicios (habitacion_id, servicio_id) values (18, 4);
insert into habitacion_servicios (habitacion_id, servicio_id) values (7, 4);
insert into habitacion_servicios (habitacion_id, servicio_id) values (4, 7);
insert into habitacion_servicios (habitacion_id, servicio_id) values (20, 15);

